Year,Months,Value
2021,January,6.109822
2021,February,6.682207
2021,March,5.841121
2021,April,4.791345
2021,May,4.566563
2021,June,4.651163
2021,July,4.891304
2021,August,6.464174
2021,September,6.235386
2021,October,5.259087
2021,November,3.933434
2021,December,3.127327